"NAME","Total","White","Black","Asian","Hispanic","Other","FIPS"
"Abbeville, LA Micro Area",57999,46305,8246,1148,1381,919,"10020"
"Aberdeen, SD Micro Area",40602,37774,192,358,554,1724,"10100"
"Aberdeen, WA Micro Area",72797,59282,762,995,6272,5486,"10140"
"Abilene, TX Metro Area",165252,112735,11549,2110,35108,3750,"10180"
"Ada, OK Micro Area",37492,25973,879,244,1523,8873,"10220"
"Adrian, MI Micro Area",99892,87483,2397,492,7614,1906,"10300"
"Akron, OH Metro Area",703200,579151,83984,14124,10733,15208,"10420"
"Alamogordo, NM Micro Area",63797,33716,2048,716,22026,5291,"10460"
"Albany, GA Metro Area",157308,68820,81671,1455,3270,2092,"10500"
"Albany-Lebanon, OR Micro Area",116672,101579,456,1078,9127,4432,"10540"
"Albany-Schenectady-Troy, NY Metro Area",870716,721505,62963,26983,36027,23238,"10580"
"Albemarle, NC Micro Area",60585,49877,6590,1108,2166,844,"10620"
"Albert Lea, MN Micro Area",31255,27701,200,232,2750,372,"10660"
"Albertville, AL Micro Area",93019,78060,1389,475,11238,1857,"10700"
"Albuquerque, NM Metro Area",887077,374214,19766,16769,414222,62106,"10740"
"Alexander City, AL Micro Area",53155,36442,14606,211,1272,624,"10760"
"Alexandria, LA Metro Area",153922,98984,45378,1598,4349,3613,"10780"
"Alexandria, MN Micro Area",36009,34974,146,163,341,385,"10820"
"Alice, TX Micro Area",40838,8062,156,134,32254,232,"10860"
"Allegan, MI Micro Area",111408,99945,1264,620,7454,2125,"10880"
"Allentown-Bethlehem-Easton, PA-NJ Metro Area (part); Allentown-Bethlehem-Easton, PA-NJ Metro Area (part)",821173,645741,34917,20167,106598,13750,"10900"
"Alma, MI Micro Area",42476,37144,2341,145,2301,545,"10940"
"Alpena, MI Micro Area",29598,28623,78,148,304,445,"10980"
"Altoona, PA Metro Area",127089,121495,2051,689,1230,1624,"11020"
"Altus, OK Micro Area",26446,17403,1918,303,5538,1284,"11060"
"Amarillo, TX Metro Area",249881,160881,14570,6319,63116,4995,"11100"
"Americus, GA Micro Area",37829,17025,18061,454,1878,411,"11140"
"Ames, IA Metro Area",89542,77812,2125,5369,2695,1541,"11180"
"Amsterdam, NY Micro Area",50219,42732,712,356,5654,765,"11220"
"Anchorage, AK Metro Area",380821,256490,16125,24283,25362,58561,"11260"
"Anderson, IN Metro Area",131636,113577,10887,547,4189,2436,"11300"
"Anderson, SC Metro Area",187126,147362,29810,1384,5447,3123,"11340"
"Andrews, TX Micro Area",14786,7083,199,85,7195,224,"11380"
"Angola, IN Micro Area",34185,32513,155,162,982,373,"11420"
"Ann Arbor, MI Metro Area",344791,248675,43152,27005,13860,12099,"11460"
"Anniston-Oxford, AL Metro Area",118572,87285,24177,830,3893,2387,"11500"
"Appleton, WI Metro Area",225666,203691,1918,6235,8049,5773,"11540"
"Arcadia, FL Micro Area",34862,19549,4338,169,10425,381,"11580"
"Ardmore, OK Micro Area",56980,41684,3297,547,3641,7811,"11620"
"Arkadelphia, AR Micro Area",22995,16177,5366,120,926,406,"11660"
"Asheville, NC Metro Area",424858,366448,18976,3664,27100,8670,"11700"
"Ashland, OH Micro Area",53139,51352,395,275,501,616,"11740"
"Ashtabula, OH Micro Area",101497,92126,3467,372,3441,2091,"11780"
"Astoria, OR Micro Area",37039,32295,163,445,2838,1298,"11820"
"Atchison, KS Micro Area",16924,15152,844,70,383,475,"11860"
"Athens, OH Micro Area",64757,58779,1741,1741,1002,1494,"11900"
"Athens, TN Micro Area",52266,47273,2021,385,1482,1105,"11940"
"Athens, TX Micro Area",78532,63494,4813,318,8490,1417,"11980"
"Athens-Clarke County, GA Metro Area",192541,130515,37182,6065,15313,3466,"12020"
"Atlanta-Sandy Springs-Marietta, GA Metro Area",5268860,2671757,1679979,252510,547400,117214,"12060"
"Atlantic City-Hammonton, NJ Metro Area",274549,160871,40882,20419,46241,6136,"12100"
"Auburn, IN Micro Area",42223,40406,141,186,1031,459,"12140"
"Auburn, NY Micro Area",80026,73098,3009,387,1896,1636,"12180"
"Auburn-Opelika, AL Metro Area",140247,97900,31674,3615,4571,2487,"12220"
"Augusta-Richmond County, GA-SC Metro Area (part); Augusta-Richmond County, GA-SC Metro Area (part)",556877,314669,194573,9558,24712,13365,"12260"
"Augusta-Waterville, ME Micro Area",122151,116549,642,886,1504,2570,"12300"
"Austin, MN Micro Area",39163,32975,791,636,4138,623,"12380"
"Austin-Round Rock-San Marcos, TX Metro Area",1716289,938474,120510,80980,538313,38012,"12420"
"Bainbridge, GA Micro Area",27842,14615,11366,138,1404,319,"12460"
"Bakersfield-Delano, CA Metro Area",839631,323794,45377,33100,413033,24327,"12540"
"Baltimore-Towson, MD Metro Area",2710489,1626199,769641,122153,123754,68742,"12580"
"Bangor, ME Metro Area",153923,145700,1117,1405,1620,4081,"12620"
"Baraboo, WI Micro Area",61976,57331,330,332,2675,1308,"12660"
"Barnstable Town, MA Metro Area",215888,197327,3857,2263,4687,7754,"12700"
"Barre, VT Micro Area",59534,56473,411,495,995,1160,"12740"
"Bartlesville, OK Micro Area",50976,38691,1194,552,2556,7983,"12780"
"Bastrop, LA Micro Area",27979,14251,13078,98,255,297,"12820"
"Batavia, NY Micro Area",60079,54990,1491,355,1616,1627,"12860"
"Batesville, AR Micro Area",36647,32914,709,276,2139,609,"12900"
"Baton Rouge, LA Metro Area",802484,465308,284561,14222,27357,11036,"12940"
"Battle Creek, MI Metro Area",136146,108664,14630,2154,6177,4521,"12980"
"Bay City, MI Metro Area",107771,98241,1574,566,5093,2297,"13020"
"Bay City, TX Micro Area",36702,17400,4060,693,14074,475,"13060"
"Beatrice, NE Micro Area",22311,21432,72,81,385,341,"13100"
"Beaumont-Port Arthur, TX Metro Area",388745,228486,94603,9591,50049,6016,"13140"
"Beaver Dam, WI Micro Area",88759,81325,2361,460,3522,1091,"13180"
"Beckley, WV Micro Area",78859,69246,6390,715,996,1512,"13220"
"Bedford, IN Micro Area",46134,44562,181,224,545,622,"13260"
"Beeville, TX Micro Area",31861,10967,2525,162,17906,301,"13300"
"Bellefontaine, OH Micro Area",45858,43385,728,238,539,968,"13340"
"Bellingham, WA Metro Area",201140,164675,1789,6988,15756,11932,"13380"
"Bemidji, MN Micro Area",44442,33066,251,304,676,10145,"13420"
"Bend, OR Metro Area",157733,139470,524,1412,11718,4609,"13460"
"Bennettsville, SC Micro Area",28933,11657,14652,74,800,1750,"13500"
"Bennington, VT Micro Area",37125,35517,291,264,525,528,"13540"
"Berlin, NH-VT Micro Area (part); Berlin, NH-VT Micro Area (part)",39361,37895,157,187,460,662,"13620"
"Big Rapids, MI Micro Area",42798,39633,1055,277,731,1102,"13660"
"Big Spring, TX Micro Area",35012,18801,2079,256,13255,621,"13700"
"Billings, MT Metro Area",158050,140131,882,937,7143,8957,"13740"
"Binghamton, NY Metro Area",251725,222179,9199,7390,7472,5485,"13780"
"Birmingham-Hoover, AL Metro Area",1128047,733656,317019,13748,48530,15094,"13820"
"Bishop, CA Micro Area",18546,12296,102,229,3597,2322,"13860"
"Bismarck, ND Metro Area",108779,100591,588,439,1386,5775,"13900"
"Blackfoot, ID Micro Area",45607,34176,78,268,7864,3221,"13940"
"Blacksburg-Christiansburg-Radford, VA Metro Area",162958,143718,6896,5573,3562,3209,"13980"
"Bloomington, IN Metro Area",192714,172163,4477,7351,4549,4174,"14020"
"Bloomington-Normal, IL Metro Area",169572,138835,12246,7180,7434,3877,"14060"
"Bloomsburg-Berwick, PA Micro Area",85562,80706,1427,870,1673,886,"14100"
"Bluefield, WV-VA Micro Area (part); Bluefield, WV-VA Micro Area (part)",107342,99403,5070,609,776,1484,"14140"
"Blytheville, AR Micro Area",46480,28106,15761,229,1695,689,"14180"
"Bogalusa, LA Micro Area",47168,31019,14561,108,887,593,"14220"
"Boise City-Nampa, ID Metro Area",616561,505202,5108,10799,77538,17914,"14260"
"Bonham, TX Micro Area",33915,27433,2273,122,3226,861,"14300"
"Boone, IA Micro Area",26306,25194,202,87,505,318,"14340"
"Boone, NC Micro Area",51079,47268,855,467,1713,776,"14380"
"Borger, TX Micro Area",22150,16482,512,91,4386,679,"14420"
"Boston-Cambridge-Quincy, MA-NH Metro Area (part); Boston-Cambridge-Quincy, MA-NH Metro Area (part)",4552402,3408585,301533,292786,410516,138982,"14460"
"Boulder, CO Metro Area",294567,233741,2265,11996,39276,7289,"14500"
"Bowling Green, KY Metro Area",125953,104540,10370,3176,5274,2593,"14540"
"Bozeman, MT Micro Area",89513,83545,277,1011,2470,2210,"14580"
"Bradford, PA Micro Area",43450,41039,1008,191,757,455,"14620"
"Brainerd, MN Micro Area",91067,84362,356,320,992,5037,"14660"
"Branson, MO Micro Area",83877,78021,451,424,3047,1934,"14700"
"Bremerton-Silverdale, WA Metro Area",251133,198745,6329,12082,15686,18291,"14740"
"Brenham, TX Micro Area",33718,22394,5861,432,4641,390,"14780"
"Brevard, NC Micro Area",33090,30049,1279,143,964,655,"14820"
"Bridgeport-Stamford-Norwalk, CT Metro Area",916829,606716,92705,41801,155025,20582,"14860"
"Brigham City, UT Micro Area",49975,44109,139,430,4152,1145,"14940"
"Brookhaven, MS Micro Area",34869,23702,10400,117,330,320,"15020"
"Brookings, OR Micro Area",22364,19837,62,157,1201,1107,"15060"
"Brookings, SD Micro Area",31965,29513,246,866,636,704,"15100"
"Brownsville, TN Micro Area",18787,8419,9431,21,723,193,"15140"
"Brownsville-Harlingen, TX Metro Area",406220,43427,1192,2486,357747,1368,"15180"
"Brownwood, TX Micro Area",38106,28478,1303,160,7453,712,"15220"
"Brunswick, GA Metro Area",112370,77516,26188,976,5696,1994,"15260"
"Bucyrus, OH Micro Area",43784,42227,375,156,533,493,"15340"
"Buffalo-Niagara Falls, NY Metro Area",1135509,903063,134427,25428,46425,26166,"15380"
"Burley, ID Micro Area",43021,29837,82,174,12217,711,"15420"
"Burlington, IA-IL Micro Area (part); Burlington, IA-IL Micro Area (part)",47656,43192,2020,300,1121,1023,"15460"
"Burlington, NC Metro Area",151131,101718,27985,1806,16639,2983,"15500"
"Burlington-South Burlington, VT Metro Area",211261,194738,3395,4612,3507,5009,"15540"
"Butte-Silver Bow, MT Micro Area",34200,31515,103,161,1253,1168,"15580"
"Cadillac, MI Micro Area",47584,45476,164,238,825,881,"15620"
"Calhoun, GA Micro Area",55186,44107,1945,522,7738,874,"15660"
"Cambridge, MD Micro Area",32618,21581,8937,299,1130,671,"15700"
"Cambridge, OH Micro Area",40087,38276,580,109,349,773,"15740"
"Camden, AR Micro Area",31488,18645,11624,106,560,553,"15780"
"Campbellsville, KY Micro Area",24512,22329,1210,128,433,412,"15820"
"Ca√±on City, CO Micro Area",46824,37647,1805,274,5770,1328,"15860"
"Canton, IL Micro Area",37069,34397,1268,111,896,397,"15900"
"Canton-Massillon, OH Metro Area",404422,357541,28405,2792,6203,9481,"15940"
"Cape Coral-Fort Myers, FL Metro Area",618754,439048,47751,8252,113308,10395,"15980"
"Cape Girardeau-Jackson, MO-IL Metro Area (part); Cape Girardeau-Jackson, MO-IL Metro Area (part)",96275,83552,8230,929,1729,1835,"16020"
"Carbondale, IL Micro Area",60218,45746,8488,1890,2403,1691,"16060"
"Carlsbad-Artesia, NM Micro Area",53829,28111,589,325,23731,1073,"16100"
"Carson City, NV Metro Area",55274,39083,1003,1139,11777,2272,"16180"
"Casper, WY Metro Area",75450,67191,621,479,5231,1928,"16220"
"Cedar City, UT Micro Area",46163,40226,204,333,3563,1837,"16260"
"Cedar Rapids, IA Metro Area",257940,233695,8658,3939,6079,5569,"16300"
"Cedartown, GA Micro Area",41475,30492,5150,270,4885,678,"16340"
"Celina, OH Micro Area",40814,39453,91,180,614,476,"16380"
"Central City, KY Micro Area",31499,29301,1417,43,367,371,"16420"
"Centralia, IL Micro Area",39437,36456,1536,224,542,679,"16460"
"Centralia, WA Micro Area",75455,64881,370,643,6527,3034,"16500"
"Chambersburg, PA Micro Area",149618,135004,4348,1294,6438,2534,"16540"
"Champaign-Urbana, IL Metro Area",231891,172266,24687,17964,11068,5906,"16580"
"Charleston, WV Metro Area",304284,279242,14574,2443,2522,5503,"16620"
"Charleston-Mattoon, IL Micro Area",64921,60145,2057,548,1230,941,"16660"
"Charleston-North Charleston-Summerville, SC Metro Area",664607,420240,182363,10657,35707,15640,"16700"
"Charlotte-Gastonia-Rock Hill, NC-SC Metro Area (part); Charlotte-Gastonia-Rock Hill, NC-SC Metro Area (part)",1758038,1076021,414484,54831,172766,39936,"16740"
"Charlottesville, VA Metro Area",201559,154343,24845,7804,9640,4927,"16820"
"Chattanooga, TN-GA Metro Area (part); Chattanooga, TN-GA Metro Area (part)",528143,420172,72816,7173,18690,9292,"16860"
"Chester, SC Micro Area",33140,19590,12349,104,479,618,"16900"
"Cheyenne, WY Metro Area",91738,74120,2063,935,11978,2642,"16940"
"Chicago-Joliet-Naperville, IL-IN-WI Metro Area (part); Chicago-Joliet-Naperville, IL-IN-WI Metro Area (part); Chicago-Joliet-Naperville, IL-IN-WI Metro Area (part)",9461105,5204489,1613644,526857,1957080,159035,"16980"
"Chico, CA Metro Area",220000,165416,3133,8921,31116,11414,"17020"
"Chillicothe, OH Micro Area",78064,70378,4804,295,748,1839,"17060"
"Cincinnati-Middletown, OH-KY-IN Metro Area (part); Cincinnati-Middletown, OH-KY-IN Metro Area (part); Cincinnati-Middletown, OH-KY-IN Metro Area (part)",2130151,1738775,253817,40118,55120,42321,"17140"
"Claremont, NH Micro Area",43742,42087,175,270,493,717,"17200"
"Clarksburg, WV Micro Area",94196,89932,1347,394,1065,1458,"17220"
"Clarksdale, MS Micro Area",26151,5918,19698,114,293,128,"17260"
"Clarksville, TN-KY Metro Area (part); Clarksville, TN-KY Metro Area (part)",273949,191406,48806,4387,18718,10632,"17300"
"Clearlake, CA Micro Area",64665,47938,1186,695,11088,3758,"17340"
"Cleveland, MS Micro Area",34145,11241,21839,186,639,240,"17380"
"Cleveland, TN Metro Area",115788,103851,4166,844,4897,2030,"17420"
"Cleveland-Elyria-Mentor, OH Metro Area",2077240,1490074,409582,40149,98133,39302,"17460"
"Clewiston, FL Micro Area",39140,13650,5057,275,19243,915,"17500"
"Clinton, IA Micro Area",49116,45454,1258,277,1243,884,"17540"
"Clovis, NM Micro Area",48376,24545,2774,574,19117,1366,"17580"
"Coeur d'Alene, ID Metro Area",138494,127454,381,925,5268,4466,"17660"
"Coffeyville, KS Micro Area",35471,28712,2022,202,1844,2691,"17700"
"Coldwater, MI Micro Area",45248,41116,1380,196,1804,752,"17740"
"College Station-Bryan, TX Metro Area",228660,136769,26400,10103,51561,3827,"17780"
"Colorado Springs, CO Metro Area",645613,469095,35896,16647,94959,29016,"17820"
"Columbia, MO Metro Area",172786,140917,15470,6137,5017,5245,"17860"
"Columbia, SC Metro Area",767598,447927,252329,12543,39153,15646,"17900"
"Columbia, TN Micro Area",80956,64919,10076,482,3909,1570,"17940"
"Columbus, GA-AL Metro Area (part); Columbus, GA-AL Metro Area (part)",294865,147518,117386,4872,16896,8193,"17980"
"Columbus, IN Metro Area",76794,66817,1360,2622,4762,1233,"18020"
"Columbus, MS Micro Area",59779,31847,25904,394,914,720,"18060"
"Columbus, NE Micro Area",32237,27167,128,149,4452,341,"18100"
"Columbus, OH Metro Area",1836536,1394399,270255,56906,66460,48516,"18140"
"Concord, NH Micro Area",146445,138048,1452,2307,2339,2299,"18180"
"Connersville, IN Micro Area",24277,23392,318,79,223,265,"18220"
"Cookeville, TN Micro Area",106042,97771,1536,892,4224,1619,"18260"
"Coos Bay, OR Micro Area",63043,54820,234,644,3391,3954,"18300"
"Corbin, KY Micro Area",35637,34521,205,123,310,478,"18340"
"Cordele, GA Micro Area",23439,12216,10033,183,748,259,"18380"
"Corinth, MS Micro Area",37057,31313,4209,116,1010,409,"18420"
"Cornelia, GA Micro Area",43041,34621,1412,955,5333,720,"18460"
"Corning, NY Micro Area",98990,93476,1487,1151,1371,1505,"18500"
"Corpus Christi, TX Metro Area",428185,155550,13338,6444,247231,5622,"18580"
"Corsicana, TX Micro Area",47735,28587,6490,239,11345,1074,"18620"
"Cortland, NY Micro Area",49336,46252,705,412,1094,873,"18660"
"Corvallis, OR Metro Area",85579,71552,715,4404,5467,3441,"18700"
"Coshocton, OH Micro Area",36901,35632,391,103,279,496,"18740"
"Crawfordsville, IN Micro Area",38124,35374,307,209,1739,495,"18820"
"Crescent City, CA Micro Area",28610,18513,967,938,5093,3099,"18860"
"Crestview-Fort Walton Beach-Destin, FL Metro Area",180822,139500,16333,5189,12296,7504,"18880"
"Crossville, TN Micro Area",56053,53712,146,237,1307,651,"18900"
"Crowley, LA Micro Area",61773,48555,11133,137,1060,888,"18940"
"Cullman, AL Micro Area",80406,74568,821,339,3454,1224,"18980"
"Culpeper, VA Micro Area",46689,33482,7212,593,4157,1245,"19020"
"Cumberland, MD-WV Metro Area (part); Cumberland, MD-WV Metro Area (part)",103299,92937,6728,676,1287,1671,"19060"
"Dallas-Fort Worth-Arlington, TX Metro Area",6371773,3201677,941695,337815,1752166,138420,"19100"
"Dalton, GA Metro Area",142227,97484,3843,1402,37625,1873,"19140"
"Danville, IL Metro Area",81625,65590,10394,559,3441,1641,"19180"
"Danville, KY Micro Area",53174,48108,2666,250,1168,982,"19220"
"Danville, VA Metro Area",106561,67357,34688,570,2577,1369,"19260"
"Daphne-Fairhope-Foley, AL Micro Area",182265,152200,16966,1340,7992,3767,"19300"
"Davenport-Moline-Rock Island, IA-IL Metro Area (part); Davenport-Moline-Rock Island, IA-IL Metro Area (part)",379690,311053,25132,5912,29024,8569,"19340"
"Dayton, OH Metro Area",841502,663353,124851,15241,17211,20846,"19380"
"Decatur, AL Metro Area",153829,119005,17976,706,9730,6412,"19460"
"Decatur, IL Metro Area",110768,86822,17916,1107,2072,2851,"19500"
"Decatur, IN Micro Area",34387,32521,102,78,1412,274,"19540"
"Defiance, OH Micro Area",39037,34345,666,117,3409,500,"19580"
"Del Rio, TX Micro Area",48879,8548,563,207,39199,362,"19620"
"Deltona-Daytona Beach-Ormond Beach, FL Metro Area",494593,372982,49548,7368,55217,9478,"19660"
"Deming, NM Micro Area",25095,8997,189,112,15423,374,"19700"
"Denver-Aurora-Broomfield, CO Metro Area",2543482,1673709,135334,91954,571131,71354,"19740"
"DeRidder, LA Micro Area",35654,28730,4597,217,1003,1107,"19760"
"Des Moines-West Des Moines, IA Metro Area",569633,476434,26508,17107,38004,11580,"19780"
"Detroit-Warren-Livonia, MI Metro Area",4296250,2916144,972689,140558,168065,98794,"19820"
"Dickinson, ND Micro Area",24982,23536,186,292,458,510,"19860"
"Dillon, SC Micro Area",32062,15152,14730,76,833,1271,"19900"
"Dixon, IL Micro Area",36031,31824,1709,244,1802,452,"19940"
"Dodge City, KS Micro Area",33848,14897,605,470,17321,555,"19980"
"Dothan, AL Metro Area",145639,104154,33476,915,4304,2790,"20020"
"Douglas, GA Micro Area",50731,30683,12655,319,6391,683,"20060"
"Dover, DE Metro Area",162310,105891,37812,3266,9346,5995,"20100"
"Dublin, GA Micro Area",58414,35139,20729,500,1329,717,"20140"
"DuBois, PA Micro Area",81642,77031,1697,384,1907,623,"20180"
"Dubuque, IA Metro Area",93653,86981,2436,871,1807,1558,"20220"
"Duluth, MN-WI Metro Area (part); Duluth, MN-WI Metro Area (part)",279771,257081,3657,2290,3387,13356,"20260"
"Dumas, TX Micro Area",21904,8370,287,1323,11542,382,"20300"
"Duncan, OK Micro Area",45048,37173,841,210,2790,4034,"20340"
"Dunn, NC Micro Area",114678,73707,23591,983,12359,4038,"20380"
"Durango, CO Micro Area",51334,41245,176,266,6056,3591,"20420"
"Durant, OK Micro Area",42416,31294,640,214,2107,8161,"20460"
"Durham-Chapel Hill, NC Metro Area",504357,278907,134853,21985,56915,11697,"20500"
"Dyersburg, TN Micro Area",38335,31044,5433,188,1002,668,"20540"
"Eagle Pass, TX Micro Area",54258,1552,75,140,51914,577,"20580"
"East Liverpool-Salem, OH Micro Area",107841,102326,2323,319,1348,1525,"20620"
"Easton, MD Micro Area",37782,29829,4778,463,2073,639,"20660"
"East Stroudsburg, PA Micro Area",169842,119741,20461,3395,22288,3957,"20700"
"Eau Claire, WI Metro Area",161151,149946,1798,4046,2604,2757,"20740"
"Edwards, CO Micro Area",59507,39357,265,545,18547,793,"20780"
"Effingham, IL Micro Area",34242,33155,76,147,597,267,"20820"
"El Campo, TX Micro Area",41280,19681,5668,154,15445,332,"20900"
"El Centro, CA Metro Area",174528,23927,5114,2201,140271,3015,"20940"
"El Dorado, AR Micro Area",41639,25722,13674,196,1460,587,"20980"
"Elizabeth City, NC Micro Area",64094,40080,19883,630,2143,1358,"21020"
"Elizabethtown, KY Metro Area",119736,95235,12319,2092,5718,4372,"21060"
"Elk City, OK Micro Area",22119,17459,842,173,2619,1026,"21120"
"Elkhart-Goshen, IN Metro Area",197559,152555,10989,1879,27886,4250,"21140"
"Elko, NV Micro Area",50805,35392,331,452,11396,3234,"21220"
"Ellensburg, WA Micro Area",40915,35214,339,795,3121,1446,"21260"
"Elmira, NY Metro Area",88830,77643,5528,1041,2240,2378,"21300"
"El Paso, TX Metro Area",800647,105246,20649,7551,658134,9067,"21340"
"Emporia, KS Micro Area",36480,27301,765,767,6855,792,"21380"
"Enid, OK Micro Area",60580,48744,1765,577,5353,4141,"21420"
"Enterprise-Ozark, AL Micro Area",100199,71839,17803,1156,6001,3400,"21460"
"Erie, PA Metro Area",280566,242787,19485,3036,9518,5740,"21500"
"Escanaba, MI Micro Area",37069,34920,71,145,318,1615,"21540"
"Espanola, NM Micro Area",40246,5148,103,138,28703,6154,"21580"
"Eufaula, AL-GA Micro Area (part); Eufaula, AL-GA Micro Area (part)",29970,14102,14018,109,1421,320,"21640"
"Eugene-Springfield, OR Metro Area",351715,297808,3102,8169,26167,16469,"21660"
"Eureka-Arcata-Fortuna, CA Micro Area",134623,103958,1393,2854,13211,13207,"21700"
"Evanston, WY Micro Area",21118,18696,48,59,1855,460,"21740"
"Evansville, IN-KY Metro Area (part); Evansville, IN-KY Metro Area (part)",358676,318979,21948,3396,6946,7407,"21780"
"Fairbanks, AK Metro Area",97581,72259,4154,2512,5651,13005,"21820"
"Fairmont, MN Micro Area",20840,19766,62,103,744,165,"21860"
"Fairmont, WV Micro Area",56418,52874,1838,281,514,911,"21900"
"Fallon, NV Micro Area",24877,19030,366,633,3009,1839,"21980"
"Fargo, ND-MN Metro Area (part); Fargo, ND-MN Metro Area (part)",208777,188964,4197,4360,5071,6185,"22020"
"Faribault-Northfield, MN Micro Area",64142,54566,2021,1289,5122,1144,"22060"
"Farmington, MO Micro Area",65359,60631,2759,242,778,949,"22100"
"Farmington, NM Metro Area",130044,55254,617,445,24776,48952,"22140"
"Fayetteville, NC Metro Area",366383,169891,129331,7352,36013,23796,"22180"
"Fayetteville-Springdale-Rogers, AR-MO Metro Area (part); Fayetteville-Springdale-Rogers, AR-MO Metro Area (part)",463204,353302,8629,10884,69087,21302,"22220"
"Fergus Falls, MN Micro Area",57303,54244,422,264,1490,883,"22260"
"Fernley, NV Micro Area",51980,40634,363,701,7674,2608,"22280"
"Findlay, OH Micro Area",74782,67888,1084,1258,3363,1189,"22300"
"Fitzgerald, GA Micro Area",27172,16883,8546,181,1254,308,"22340"
"Flagstaff, AZ Metro Area",134421,74231,1495,1787,18166,38742,"22380"
"Flint, MI Metro Area",425790,309683,87352,3834,12983,11938,"22420"
"Florence, SC Metro Area",205566,112098,84667,1861,4170,2770,"22500"
"Florence-Muscle Shoals, AL Metro Area",147137,122562,17892,899,3175,2609,"22520"
"Fond du Lac, WI Metro Area",101633,93398,1226,1129,4368,1512,"22540"
"Forest City, NC Micro Area",67810,57054,6804,289,2397,1266,"22580"
"Forrest City, AR Micro Area",28258,11973,14565,133,1149,438,"22620"
"Fort Collins-Loveland, CO Metro Area",299630,253047,2259,5675,31628,7021,"22660"
"Fort Dodge, IA Micro Area",38013,34210,1435,241,1446,681,"22700"
"Fort Leonard Wood, MO Micro Area",52274,37863,5680,1295,4705,2731,"22780"
"Fort Madison-Keokuk, IA-MO Micro Area (part); Fort Madison-Keokuk, IA-MO Micro Area (part)",43001,39811,1113,203,1134,740,"22800"
"Fort Morgan, CO Micro Area",28159,17370,755,135,9506,393,"22820"
"Fort Payne, AL Micro Area",71109,57997,1029,166,9690,2227,"22840"
"Fort Polk South, LA Micro Area",52334,37794,7280,881,3775,2604,"22860"
"Fort Smith, AR-OK Metro Area (part); Fort Smith, AR-OK Metro Area (part)",298592,226828,10402,6532,24468,30362,"22900"
"Fort Valley, GA Micro Area",27695,12499,12647,222,1890,437,"22980"
"Fort Wayne, IN Metro Area",416257,330540,41183,9818,24172,10544,"23060"
"Frankfort, IN Micro Area",33224,28349,138,65,4395,277,"23140"
"Frankfort, KY Micro Area",70706,61340,5505,796,1662,1403,"23180"
"Fredericksburg, TX Micro Area",24837,19472,47,88,4969,261,"23240"
"Freeport, IL Micro Area",47711,40612,4226,295,1406,1172,"23300"
"Fremont, NE Micro Area",36691,32120,183,180,3689,519,"23340"
"Fremont, OH Micro Area",60944,52527,1624,185,5435,1173,"23380"
"Fresno, CA Metro Area",930450,304522,45005,86856,468070,25997,"23420"
"Gadsden, AL Metro Area",104430,82789,15716,657,3447,1821,"23460"
"Gaffney, SC Micro Area",55342,40939,11214,308,2032,849,"23500"
"Gainesville, FL Metro Area",264275,172348,50304,13157,21597,6869,"23540"
"Gainesville, GA Metro Area",179684,114300,12757,3181,46906,2540,"23580"
"Gainesville, TX Micro Area",38437,30255,1018,278,5997,889,"23620"
"Galesburg, IL Micro Area",70626,60714,4028,424,4048,1412,"23660"
"Gallup, NM Micro Area",71492,7384,317,542,9473,53776,"23700"
"Garden City, KS Micro Area",36776,17049,707,1207,17182,631,"23780"
"Gardnerville Ranchos, NV Micro Area",46997,39094,174,699,5103,1927,"23820"
"Georgetown, SC Micro Area",60158,37311,20128,269,1867,583,"23860"
"Gettysburg, PA Micro Area",101407,91830,1450,737,6115,1275,"23900"
"Gillette, WY Micro Area",46133,41032,134,250,3611,1106,"23940"
"Glasgow, KY Micro Area",52272,48327,1770,193,1225,757,"23980"
"Glens Falls, NY Metro Area",128923,121581,2290,709,2624,1719,"24020"
"Gloversville, NY Micro Area",55531,52110,981,320,1263,857,"24100"
"Goldsboro, NC Metro Area",122623,68216,38107,1405,12162,2733,"24140"
"Granbury, TX Micro Area",59672,51183,279,336,6860,1014,"24180"
"Grand Forks, ND-MN Metro Area (part); Grand Forks, ND-MN Metro Area (part)",98461,87768,1570,1490,3671,3962,"24220"
"Grand Island, NE Micro Area",72726,56009,935,650,14033,1099,"24260"
"Grand Junction, CO Metro Area",146723,121944,776,1059,19552,3392,"24300"
"Grand Rapids-Wyoming, MI Metro Area",774160,615337,60013,14569,65227,19014,"24340"
"Grants, NM Micro Area",27213,5857,221,136,9934,11065,"24380"
"Grants Pass, OR Micro Area",82713,73289,295,667,5251,3211,"24420"
"Great Bend, KS Micro Area",27674,23092,367,53,3683,479,"24460"
"Great Falls, MT Metro Area",81327,71100,958,665,2711,5893,"24500"
"Greeley, CO Metro Area",252825,170827,2054,2873,71680,5391,"24540"
"Green Bay, WI Metro Area",306241,263593,5417,6826,18967,11438,"24580"
"Greeneville, TN Micro Area",68831,64637,1355,249,1690,900,"24620"
"Greensboro-High Point, NC Metro Area",723801,449177,182490,20888,54683,16563,"24660"
"Greensburg, IN Micro Area",25740,24796,76,178,426,264,"24700"
"Greenville, MS Micro Area",51137,13654,36348,291,529,315,"24740"
"Greenville, NC Metro Area",189510,106076,64715,2628,12256,3835,"24780"
"Greenville, OH Micro Area",52959,51365,233,159,646,556,"24820"
"Greenville-Mauldin-Easley, SC Metro Area",636986,467055,105169,10847,42967,10948,"24860"
"Greenwood, MS Micro Area",42914,14857,26690,202,849,316,"24900"
"Greenwood, SC Micro Area",69661,42709,21728,568,3789,867,"24940"
"Grenada, MS Micro Area",21906,12350,9106,60,197,193,"24980"
"Gulfport-Biloxi, MS Metro Area",248820,177475,47445,5731,11622,6547,"25060"
"Guymon, OK Micro Area",20640,10889,294,318,8659,480,"25100"
"Hagerstown-Martinsburg, MD-WV Metro Area (part); Hagerstown-Martinsburg, MD-WV Metro Area (part)",269140,229076,21166,2952,9248,6698,"25180"
"Hammond, LA Micro Area",121097,77807,36485,714,4260,1831,"25220"
"Hanford-Corcoran, CA Metro Area",152982,53879,10314,5339,77866,5584,"25260"
"Hannibal, MO Micro Area",38948,36030,1507,172,489,750,"25300"
"Harriman, TN Micro Area",54181,50752,1430,274,710,1015,"25340"
"Harrisburg, IL Micro Area",24913,23011,974,100,340,488,"25380"
"Harrisburg-Carlisle, PA Metro Area",549475,442343,53841,15698,25831,11762,"25420"
"Harrison, AR Micro Area",45233,43033,69,175,815,1141,"25460"
"Harrisonburg, VA Metro Area",125228,105031,4127,2159,11741,2170,"25500"
"Hartford-West Hartford-East Hartford, CT Metro Area",1212381,868016,121962,46872,151219,24312,"25540"
"Hastings, NE Micro Area",37906,33688,240,446,3046,486,"25580"
"Hattiesburg, MS Metro Area",142842,95576,40239,1163,3961,1903,"25620"
"Havre, MT Micro Area",16096,11741,47,66,373,3869,"25660"
"Hays, KS Micro Area",28452,26103,232,390,1299,428,"25700"
"Heber, UT Micro Area",23530,19818,49,168,3184,311,"25720"
"Helena, MT Micro Area",74801,69323,219,389,1806,3064,"25740"
"Helena-West Helena, AR Micro Area",21757,7535,13652,64,287,219,"25760"
"Henderson, NC Micro Area",45422,19101,22477,199,3051,594,"25780"
"Hereford, TX Micro Area",19372,5939,158,56,13039,180,"25820"
"Hickory-Lenoir-Morganton, NC Metro Area",365497,302096,24860,9252,23063,6226,"25860"
"Hilo, HI Micro Area",185079,57831,899,39588,21383,65378,"25900"
"Hilton Head Island-Beaufort, SC Micro Area",187010,116542,41965,1991,23319,3193,"25940"
"Hinesville-Fort Stewart, GA Metro Area",77917,35576,29559,1292,7937,3553,"25980"
"Hobbs, NM Micro Area",64727,27845,2399,302,33063,1118,"26020"
"Holland-Grand Haven, MI Metro Area",263801,226156,3551,6576,22761,4757,"26100"
"Homosassa Springs, FL Micro Area",141236,126549,3767,1979,6584,2357,"26140"
"Honolulu, HI Metro Area",953207,181684,17929,410019,77433,266142,"26180"
"Hood River, OR Micro Area",22346,14714,63,305,6589,675,"26220"
"Hope, AR Micro Area",31606,18631,9381,105,2933,556,"26260"
"Hot Springs, AR Metro Area",96024,80621,7552,689,4622,2540,"26300"
"Houghton, MI Micro Area",38784,36416,196,1051,430,691,"26340"
"Houma-Bayou Cane-Thibodaux, LA Metro Area",208178,151869,33725,1834,8068,12682,"26380"
"Houston-Sugar Land-Baytown, TX Metro Area",5946800,2360472,998883,384596,2099412,103437,"26420"
"Hudson, NY Micro Area",63096,55672,2691,998,2454,1281,"26460"
"Humboldt, TN Micro Area",49683,38571,9307,106,1012,687,"26480"
"Huntingdon, PA Micro Area",45913,42197,2369,181,727,439,"26500"
"Huntington, IN Micro Area",37124,35692,155,167,631,479,"26540"
"Huntington-Ashland, WV-KY-OH Metro Area (part); Huntington-Ashland, WV-KY-OH Metro Area (part); Huntington-Ashland, WV-KY-OH Metro Area (part)",287702,270988,7687,1649,2707,4671,"26580"
"Huntsville, AL Metro Area",417593,286557,89867,9078,19995,12096,"26620"
"Huntsville, TX Micro Area",67861,39671,15098,617,11389,1086,"26660"
"Huron, SD Micro Area",17398,14934,118,632,1337,377,"26700"
"Hutchinson, KS Micro Area",64511,55543,1843,296,5209,1620,"26740"
"Hutchinson, MN Micro Area",36651,34005,184,265,1811,386,"26780"
"Idaho Falls, ID Metro Area",130374,111798,573,944,14553,2506,"26820"
"Indiana, PA Micro Area",88880,83864,2374,768,947,927,"26860"
"Indianapolis-Carmel, IN Metro Area",1756241,1310092,260418,39236,108259,38236,"26900"
"Indianola, MS Micro Area",29450,7410,21362,82,404,192,"26940"
"Iowa City, IA Metro Area",152586,128881,6303,6846,7338,3218,"26980"
"Iron Mountain, MI-WI Micro Area (part); Iron Mountain, MI-WI Micro Area (part)",30591,29556,96,133,307,499,"27020"
"Ithaca, NY Metro Area",101564,81490,3773,8680,4264,3357,"27060"
"Jackson, MI Metro Area",160248,137588,12560,1122,4837,4141,"27100"
"Jackson, MS Metro Area",539057,260512,256133,5621,11391,5400,"27140"
"Jackson, TN Metro Area",115425,71897,37091,948,3649,1840,"27180"
"Jackson, WY-ID Micro Area (part); Jackson, WY-ID Micro Area (part)",31464,25791,44,276,4912,441,"27220"
"Jacksonville, FL Metro Area",1345596,885040,286768,45412,92879,35497,"27260"
"Jacksonville, IL Micro Area",40902,37183,2109,175,755,680,"27300"
"Jacksonville, NC Metro Area",177772,122558,26577,3163,17896,7578,"27340"
"Jacksonville, TX Micro Area",50845,31892,7401,221,10499,832,"27380"
"Jamestown, ND Micro Area",21100,19996,126,99,361,518,"27420"
"Jamestown-Dunkirk-Fredonia, NY Micro Area",134905,120463,2763,676,8241,2762,"27460"
"Janesville, WI Metro Area",160331,135526,7766,1603,12124,3312,"27500"
"Jasper, IN Micro Area",54734,51335,147,214,2641,397,"27540"
"Jefferson City, MO Metro Area",149807,131411,11035,1254,3172,2935,"27620"
"Jennings, LA Micro Area",31594,24835,5450,62,538,709,"27660"
"Jesup, GA Micro Area",30099,21749,5928,160,1719,543,"27700"
"Johnson City, TN Metro Area",198716,183099,5505,1671,5217,3224,"27740"
"Johnstown, PA Metro Area",143679,134073,5073,720,2006,1807,"27780"
"Jonesboro, AR Metro Area",121026,98641,14328,1113,4820,2124,"27860"
"Joplin, MO Metro Area",175518,151986,2595,1918,10564,8455,"27900"
"Juneau, AK Micro Area",31275,21065,259,1879,1588,6484,"27940"
"Kahului-Wailuku, HI Micro Area",154834,49193,818,43384,15710,45729,"27980"
"Kalamazoo-Portage, MI Metro Area",326589,263075,29684,5486,17717,10627,"28020"
"Kalispell, MT Micro Area",90928,85439,180,522,2070,2717,"28060"
"Kankakee-Bradley, IL Metro Area",113449,83218,16998,1030,10167,2036,"28100"
"Kansas City, MO-KS Metro Area (part); Kansas City, MO-KS Metro Area (part)",2035334,1514888,250563,45757,166683,57443,"28140"
"Kapaa, HI Micro Area",67091,20611,258,20296,6315,19611,"28180"
"Kearney, NE Micro Area",52591,47290,364,598,3676,663,"28260"
"Keene, NH Micro Area",77117,73537,363,910,1090,1217,"28300"
"Kendallville, IN Micro Area",47536,42104,170,174,4567,521,"28340"
"Kennett, MO Micro Area",31953,26498,3081,107,1727,540,"28380"
"Kennewick-Pasco-Richland, WA Metro Area",253340,164241,3370,6005,72700,7024,"28420"
"Kerrville, TX Micro Area",49625,35851,739,361,11895,779,"28500"
"Ketchikan, AK Micro Area",13477,8918,76,936,538,3009,"28540"
"Key West, FL Micro Area",73090,52089,3851,782,15071,1297,"28580"
"Kill Devil Hills, NC Micro Area",33920,30061,812,211,2210,626,"28620"
"Killeen-Temple-Fort Hood, TX Metro Area",405300,218901,75411,9866,82426,18696,"28660"
"Kingsport-Bristol-Bristol, TN-VA Metro Area (part); Kingsport-Bristol-Bristol, TN-VA Metro Area (part)",309544,293968,5828,1516,4169,4063,"28700"
"Kingston, NY Metro Area",182493,149099,9982,3060,15909,4443,"28740"
"Kingsville, TX Micro Area",32477,7565,1071,716,22814,311,"28780"
"Kinston, NC Micro Area",59495,30492,23968,256,3917,862,"28820"
"Kirksville, MO Micro Area",30038,28104,393,463,552,526,"28860"
"Klamath Falls, OR Micro Area",66380,53822,394,615,6915,4634,"28900"
"Knoxville, TN Metro Area",698030,606269,44317,9960,23865,13619,"28940"
"Kodiak, AK Micro Area",13592,7137,85,2620,996,2754,"28980"
"Kokomo, IN Metro Area",98688,87446,5613,801,2549,2279,"29020"
"Laconia, NH Micro Area",60088,57553,261,695,724,855,"29060"
"La Crosse, WI-MN Metro Area (part); La Crosse, WI-MN Metro Area (part)",133665,122899,1651,4813,1873,2429,"29100"
"Lafayette, IN Metro Area",201789,166341,6809,10714,14089,3836,"29140"
"Lafayette, LA Metro Area",273738,182803,72589,3686,9668,4992,"29180"
"La Follette, TN Micro Area",40716,39510,117,103,472,514,"29220"
"La Grande, OR Micro Area",25748,23407,126,204,1002,1009,"29260"
"LaGrange, GA Micro Area",67044,40408,22319,1054,2170,1093,"29300"
"Lake Charles, LA Metro Area",199607,140168,47609,2058,5099,4673,"29340"
"Lake City, FL Micro Area",67531,50475,11663,611,3276,1506,"29380"
"Lake Havasu City-Kingman, AZ Metro Area",200186,159378,1715,2016,29569,7508,"29420"
"Lakeland-Winter Haven, FL Metro Area",602095,388769,85336,9567,106532,11891,"29460"
"Lamesa, TX Micro Area",13833,5402,860,46,7387,138,"29500"
"Lancaster, PA Metro Area",519445,440969,16087,9726,44930,7733,"29540"
"Lancaster, SC Micro Area",76652,53490,18162,492,3384,1124,"29580"
"Lansing-East Lansing, MI Metro Area",464036,363242,40098,17399,28574,14723,"29620"
"Laramie, WY Micro Area",36299,30796,390,1005,3202,906,"29660"
"Laredo, TX Metro Area",250304,8345,487,1320,239653,499,"29700"
"Las Cruces, NM Metro Area",209233,62992,2825,2029,137514,3873,"29740"
"Las Vegas, NM Micro Area",29393,5781,339,175,22583,515,"29780"
"Las Vegas-Paradise, NV Metro Area",1951269,935955,194821,165121,568644,86728,"29820"
"Laurel, MS Micro Area",84823,52287,28020,318,3335,863,"29860"
"Laurinburg, NC Micro Area",36157,16605,13884,276,754,4638,"29900"
"Lawrence, KS Metro Area",110826,90532,4204,4112,5651,6327,"29940"
"Lawrenceburg, TN Micro Area",41869,39690,637,120,689,733,"29980"
"Lawton, OK Metro Area",124098,73122,20794,2663,13896,13623,"30020"
"Lebanon, MO Micro Area",35571,33596,237,148,719,871,"30060"
"Lebanon, NH-VT Micro Area (part); Lebanon, NH-VT Micro Area (part)",174724,164285,1186,3281,2578,3394,"30100"
"Lebanon, PA Metro Area",133568,116010,2134,1504,12410,1510,"30140"
"Levelland, TX Micro Area",22935,11795,801,60,9993,286,"30220"
"Lewisburg, PA Micro Area",44947,38311,3048,520,2346,722,"30260"
"Lewisburg, TN Micro Area",30617,26565,1985,130,1386,551,"30280"
"Lewiston, ID-WA Metro Area (part); Lewiston, ID-WA Metro Area (part)",60888,54861,201,391,1752,3683,"30300"
"Lewiston-Auburn, ME Metro Area",107702,98931,3858,773,1669,2471,"30340"
"Lewistown, PA Micro Area",46682,45199,282,167,534,500,"30380"
"Lexington, NE Micro Area",26370,17418,718,139,7795,300,"30420"
"Lexington-Fayette, KY Metro Area",472099,372839,50352,10701,27760,10447,"30460"
"Lexington Park, MD Micro Area",105151,80402,14831,2552,3972,3394,"30500"
"Liberal, KS Micro Area",22952,8261,687,594,12990,420,"30580"
"Lima, OH Metro Area",106331,87708,12508,725,2513,2877,"30620"
"Lincoln, IL Micro Area",30305,26586,2243,184,893,399,"30660"
"Lincoln, NE Metro Area",302157,256854,9695,9966,16957,8685,"30700"
"Lincolnton, NC Micro Area",78265,67139,4269,415,5238,1204,"30740"
"Little Rock-North Little Rock-Conway, AR Metro Area",699757,487009,154322,10201,33575,14650,"30780"
"Lock Haven, PA Micro Area",39238,37618,612,199,437,372,"30820"
"Logan, UT-ID Metro Area (part); Logan, UT-ID Metro Area (part)",125442,108026,624,2111,12054,2627,"30860"
"Logansport, IN Micro Area",38966,32624,519,407,4897,519,"30900"
"London, KY Micro Area",58849,56732,405,286,717,709,"30940"
"Longview, TX Metro Area",214369,141499,36815,1665,30240,4150,"30980"
"Longview, WA Metro Area",102410,87825,572,1472,7975,4566,"31020"
"Los Alamos, NM Micro Area",17950,13689,97,1060,2646,458,"31060"
"Los Angeles-Long Beach-Santa Ana, CA Metro Area",12828837,4056820,859086,1858148,5700862,353921,"31100"
"Louisville/Jefferson County, KY-IN Metro Area (part); Louisville/Jefferson County, KY-IN Metro Area (part)",1283566,1012081,173879,19873,50388,27345,"31140"
"Lubbock, TX Metro Area",284890,162440,20156,5654,92095,4545,"31180"
"Lufkin, TX Micro Area",86771,54889,12840,744,17145,1153,"31260"
"Lumberton, NC Micro Area",134168,36160,32347,971,10932,53758,"31300"
"Lynchburg, VA Metro Area",252634,194849,43977,3324,5234,5250,"31340"
"Macomb, IL Micro Area",32612,28979,1594,572,867,600,"31380"
"Macon, GA Metro Area",232293,119766,100479,2933,5664,3451,"31420"
"Madera-Chowchilla, CA Metro Area",150865,57380,5009,2533,80992,4951,"31460"
"Madison, IN Micro Area",32428,30463,530,211,755,469,"31500"
"Madison, WI Metro Area",568593,476020,25500,23325,30705,13043,"31540"
"Madisonville, KY Micro Area",46920,41940,3069,257,734,920,"31580"
"Magnolia, AR Micro Area",24552,14545,9006,171,533,297,"31620"
"Malone, NY Micro Area",51599,42640,2834,215,1506,4404,"31660"
"Manchester-Nashua, NH Metro Area",400721,351224,7405,12898,21241,7953,"31700"
"Manhattan, KS Metro Area",127081,96848,10573,4172,9819,5669,"31740"
"Manitowoc, WI Micro Area",81442,75210,412,2027,2565,1228,"31820"
"Mankato-North Mankato, MN Metro Area",96740,88338,2375,1676,2812,1539,"31860"
"Mansfield, OH Metro Area",124475,107726,11612,800,1732,2605,"31900"
"Marble Falls, TX Micro Area",42750,32530,700,198,8652,670,"31920"
"Marinette, WI-MI Micro Area (part); Marinette, WI-MI Micro Area (part)",65778,62975,174,287,800,1542,"31940"
"Marion, IN Micro Area",70061,60633,4805,408,2517,1698,"31980"
"Marion, OH Micro Area",66501,59733,3754,326,1503,1185,"32020"
"Marion-Herrin, IL Micro Area",66357,60719,2514,557,1301,1266,"32060"
"Marquette, MI Micro Area",67077,62412,1126,384,767,2388,"32100"
"Marshall, MN Micro Area",25857,22637,575,677,1541,427,"32140"
"Marshall, MO Micro Area",23370,19441,1217,123,1925,664,"32180"
"Marshall, TX Micro Area",65631,42654,14303,331,7254,1089,"32220"
"Marshalltown, IA Micro Area",40648,31807,629,526,7017,669,"32260"
"Marshfield-Wisconsin Rapids, WI Micro Area",74749,70177,382,1304,1680,1206,"32270"
"Martin, TN Micro Area",35021,30696,2717,365,700,543,"32280"
"Martinsville, VA Micro Area",67972,45444,17977,363,3097,1091,"32300"
"Maryville, MO Micro Area",23370,21881,563,377,302,247,"32340"
"Mason City, IA Micro Area",51749,48211,576,392,1841,729,"32380"
"Mayfield, KY Micro Area",37121,32608,1597,124,2099,693,"32460"
"Maysville, KY Micro Area",31360,29336,1152,107,326,439,"32500"
"McAlester, OK Micro Area",45837,32959,1497,185,1786,9410,"32540"
"McAllen-Edinburg-Mission, TX Metro Area",774769,60553,2777,7122,702206,2111,"32580"
"McComb, MS Micro Area",53535,26080,26136,241,599,479,"32620"
"McMinnville, TN Micro Area",39839,34739,1085,190,3224,601,"32660"
"McPherson, KS Micro Area",29180,27176,279,144,1025,556,"32700"
"Meadville, PA Micro Area",88765,84930,1503,397,823,1112,"32740"
"Medford, OR Metro Area",203206,170023,1227,2304,21745,7907,"32780"
"Memphis, TN-MS-AR Metro Area (part); Memphis, TN-MS-AR Metro Area (part); Memphis, TN-MS-AR Metro Area (part)",1316100,608449,598629,24298,65395,19329,"32820"
"Menomonie, WI Micro Area",43857,41225,215,1141,626,650,"32860"
"Merced, CA Metro Area",255793,81599,8785,18183,140485,6741,"32900"
"Meridian, MS Micro Area",107449,57651,46180,608,1632,1378,"32940"
"Merrill, WI Micro Area",28743,27763,152,124,340,364,"32980"
"Mexico, MO Micro Area",25529,22613,1637,115,665,499,"33020"
"Miami, OK Micro Area",31848,21454,234,158,1499,8503,"33060"
"Miami-Fort Lauderdale-Pompano Beach, FL Metro Area",5564635,1937939,1096536,122082,2312929,95149,"33100"
"Michigan City-La Porte, IN Metro Area",111467,90695,11835,570,6093,2274,"33140"
"Middlesborough, KY Micro Area",28691,27297,633,77,198,486,"33180"
"Midland, MI Micro Area",83629,77846,983,1555,1704,1541,"33220"
"Midland, TX Metro Area",136872,72822,8675,1639,51600,2136,"33260"
"Milledgeville, GA Micro Area",55149,26916,25825,627,1058,723,"33300"
"Milwaukee-Waukesha-West Allis, WI Metro Area",1555908,1073109,255779,45588,147503,33929,"33340"
"Minden, LA Micro Area",41207,26067,13756,116,670,598,"33380"
"Mineral Wells, TX Micro Area",28111,21958,597,132,4985,439,"33420"
"Minneapolis-St. Paul-Bloomington, MN-WI Metro Area (part); Minneapolis-St. Paul-Bloomington, MN-WI Metro Area (part)",3279833,2578117,238893,187047,176283,99493,"33460"
"Minot, ND Micro Area",69540,62336,1479,571,1973,3181,"33500"
"Missoula, MT Metro Area",109299,99489,412,1220,2861,5317,"33540"
"Mitchell, SD Micro Area",22835,21575,71,102,309,778,"33580"
"Moberly, MO Micro Area",25414,22865,1477,105,413,554,"33620"
"Mobile, AL Metro Area",412992,243904,142272,7507,9936,9373,"33660"
"Modesto, CA Metro Area",514453,240423,13065,24712,215658,20595,"33700"
"Monroe, LA Metro Area",176441,106971,62099,1460,3703,2208,"33740"
"Monroe, MI Metro Area",152021,140609,3144,837,4667,2764,"33780"
"Monroe, WI Micro Area",36842,35113,137,197,1033,362,"33820"
"Montgomery, AL Metro Area",374536,192543,158620,5787,11840,5746,"33860"
"Montrose, CO Micro Area",41276,31989,118,236,8127,806,"33940"
"Morehead City, NC Micro Area",66469,58101,3986,576,2241,1565,"33980"
"Morgan City, LA Micro Area",54650,31267,17648,935,2920,1880,"34020"
"Morgantown, WV Metro Area",129709,118855,3796,2977,1921,2160,"34060"
"Morristown, TN Metro Area",136608,121337,3526,684,8860,2201,"34100"
"Moscow, ID Micro Area",37244,33746,288,773,1326,1111,"34140"
"Moses Lake, WA Micro Area",89120,51066,710,783,34163,2398,"34180"
"Moultrie, GA Micro Area",45498,26759,10143,289,7763,544,"34220"
"Mountain Home, AR Micro Area",41513,39837,59,163,688,766,"34260"
"Mountain Home, ID Micro Area",27038,20305,696,748,4118,1171,"34300"
"Mount Airy, NC Micro Area",73673,62611,2644,339,7155,924,"34340"
"Mount Pleasant, MI Micro Area",70311,61514,1643,1141,2197,3816,"34380"
"Mount Pleasant, TX Micro Area",32334,15904,3000,229,12799,402,"34420"
"Mount Sterling, KY Micro Area",44396,41901,976,107,868,544,"34460"
"Mount Vernon, IL Micro Area",47284,42153,3225,265,904,737,"34500"
"Mount Vernon, OH Micro Area",60921,58498,485,348,737,853,"34540"
"Mount Vernon-Anacortes, WA Metro Area",116901,89694,640,2025,19709,4833,"34580"
"Muncie, IN Metro Area",117671,103721,8051,1128,2088,2683,"34620"
"Murray, KY Micro Area",37191,33672,1375,650,890,604,"34660"
"Muscatine, IA Micro Area",54132,43827,597,435,8600,673,"34700"
"Muskegon-Norton Shores, MI Metro Area",172188,133132,24599,919,8261,5277,"34740"
"Muskogee, OK Micro Area",70990,41362,7960,381,3688,17599,"34780"
"Myrtle Beach-North Myrtle Beach-Conway, SC Metro Area",269291,208096,35753,2774,16683,5985,"34820"
"Nacogdoches, TX Micro Area",64524,39699,11573,775,11356,1121,"34860"
"Napa, CA Metro Area",136484,76967,2440,8986,44010,4081,"34900"
"Naples-Marco Island, FL Metro Area",321520,211156,19898,3390,83177,3899,"34940"
"Nashville-Davidson--Murfreesboro--Franklin, TN Metro Area",1589934,1176069,239849,35974,105367,32675,"34980"
"Natchez, MS-LA Micro Area (part); Natchez, MS-LA Micro Area (part)",53119,24314,25653,175,2359,618,"35020"
"Natchitoches, LA Micro Area",39566,21109,16296,134,735,1292,"35060"
"New Bern, NC Micro Area",126802,85470,28762,2138,7082,3350,"35100"
"Newberry, SC Micro Area",37508,22690,11533,116,2690,479,"35140"
"New Castle, IN Micro Area",49462,46933,1064,154,691,620,"35220"
"New Castle, PA Micro Area",91108,84872,3448,365,931,1492,"35260"
"New Haven-Milford, CT Metro Area",862477,582384,101763,29933,129743,18654,"35300"
"New Iberia, LA Micro Area",73240,44502,23280,1745,2299,1414,"35340"
"New Orleans-Metairie-Kenner, LA Metro Area",1167764,628878,392586,31490,91922,22888,"35380"
"New Philadelphia-Dover, OH Micro Area",92582,88614,696,286,1767,1219,"35420"
"Newport, TN Micro Area",35662,33598,659,105,628,672,"35460"
"Newton, IA Micro Area",36842,35284,464,163,537,394,"35500"
"New Ulm, MN Micro Area",25893,24662,56,152,860,163,"35580"
"New York-Northern New Jersey-Long Island, NY-NJ-PA Metro Area (part); New York-Northern New Jersey-Long Island, NY-NJ-PA Metro Area (part); New York-Northern New Jersey-Long Island, NY-NJ-PA Metro Area (part)",18897109,9233812,3044096,1860840,4327560,430801,"35620"
"Niles-Benton Harbor, MI Metro Area",156813,119389,23766,2410,7054,4194,"35660"
"Nogales, AZ Micro Area",47420,7564,89,235,39273,259,"35700"
"Norfolk, NE Micro Area",48271,41889,456,175,4878,873,"35740"
"North Platte, NE Micro Area",37590,34008,238,193,2617,534,"35820"
"North Port-Bradenton-Sarasota, FL Metro Area",702281,558928,44264,10021,77988,11080,"35840"
"North Vernon, IN Micro Area",28525,27361,206,62,571,325,"35860"
"North Wilkesboro, NC Micro Area",69340,61587,2785,295,3772,901,"35900"
"Norwalk, OH Micro Area",59626,54649,560,170,3333,914,"35940"
"Norwich-New London, CT Metro Area",274055,214605,14488,11248,23214,10500,"35980"
"Oak Harbor, WA Micro Area",78506,65209,1641,3377,4295,3984,"36020"
"Oak Hill, WV Micro Area",46039,42763,2097,89,402,688,"36060"
"Ocala, FL Metro Area",331298,245136,39337,4337,36137,6351,"36100"
"Ocean City, NJ Metro Area",97265,84522,4244,818,6054,1627,"36140"
"Ocean Pines, MD Micro Area",51454,41331,6973,569,1622,959,"36180"
"Odessa, TX Metro Area",137130,56306,5596,1004,72331,1893,"36220"
"Ogden-Clearfield, UT Metro Area",547184,452785,6198,8062,64690,15449,"36260"
"Ogdensburg-Massena, NY Micro Area",111944,103943,2259,1074,2146,2522,"36300"
"Oil City, PA Micro Area",54984,53052,567,196,478,691,"36340"
"Okeechobee, FL Micro Area",39996,26258,3117,345,9561,715,"36380"
"Oklahoma City, OK Metro Area",1252987,845104,128174,34808,142042,102859,"36420"
"Olean, NY Micro Area",80317,73849,966,524,1345,3633,"36460"
"Olympia, WA Metro Area",252264,199019,6420,12820,17787,16218,"36500"
"Omaha-Council Bluffs, NE-IA Metro Area (part); Omaha-Council Bluffs, NE-IA Metro Area (part)",865350,681172,66864,17792,77508,22014,"36540"
"Oneonta, NY Micro Area",62259,57734,958,660,1921,986,"36580"
"Ontario, OR-ID Micro Area (part); Ontario, OR-ID Micro Area (part)",53936,38294,372,698,13230,1342,"36620"
"Opelousas-Eunice, LA Micro Area",83384,46025,34295,314,1321,1429,"36660"
"Orangeburg, SC Micro Area",92501,31206,57286,751,1767,1491,"36700"
"Orlando-Kissimmee-Sanford, FL Metro Area",2134411,1136863,319695,83167,538856,55830,"36740"
"Oshkosh-Neenah, WI Metro Area",166994,151509,2856,3795,5784,3050,"36780"
"Oskaloosa, IA Micro Area",22381,21242,251,250,360,278,"36820"
"Ottawa-Streator, IL Micro Area",154908,137672,2326,988,12082,1840,"36860"
"Ottumwa, IA Micro Area",35625,31157,447,250,3234,537,"36900"
"Owatonna, MN Micro Area",36576,32544,1003,278,2282,469,"36940"
"Owensboro, KY Metro Area",114752,104565,4706,699,2725,2057,"36980"
"Owosso, MI Micro Area",70648,67240,305,247,1695,1161,"37020"
"Oxford, MS Micro Area",47351,33538,11155,1003,1073,582,"37060"
"Oxnard-Thousand Oaks-Ventura, CA Metro Area",823318,400868,13082,54099,331567,23702,"37100"
"Paducah, KY-IL Micro Area (part); Paducah, KY-IL Micro Area (part)",98762,85890,8324,593,1886,2069,"37140"
"Pahrump, NV Micro Area",43946,34663,836,547,5967,1933,"37220"
"Palatka, FL Micro Area",74364,53981,11842,444,6706,1391,"37260"
"Palestine, TX Micro Area",58458,35792,12222,283,9287,874,"37300"
"Palm Bay-Melbourne-Titusville, FL Metro Area",543376,421466,52677,11098,43943,14192,"37340"
"Palm Coast, FL Metro Area",95696,72860,10470,2020,8251,2095,"37380"
"Pampa, TX Micro Area",23464,16405,1055,85,5439,480,"37420"
"Panama City-Lynn Haven-Panama City Beach, FL Metro Area",168852,133790,17844,3298,8107,5813,"37460"
"Paragould, AR Micro Area",42090,40166,232,107,901,684,"37500"
"Paris, TN Micro Area",32330,28522,2578,95,553,582,"37540"
"Paris, TX Micro Area",49793,37891,6628,304,3223,1747,"37580"
"Parkersburg-Marietta-Vienna, WV-OH Metro Area (part); Parkersburg-Marietta-Vienna, WV-OH Metro Area (part)",162056,155597,1702,827,1292,2638,"37620"
"Parsons, KS Micro Area",21607,18467,987,76,875,1202,"37660"
"Pascagoula, MS Metro Area",162246,117679,31589,3038,6831,3109,"37700"
"Payson, AZ Micro Area",53597,35298,195,256,9588,8260,"37740"
"Pecos, TX Micro Area",13783,2690,672,118,10233,70,"37780"
"Pella, IA Micro Area",33309,31834,211,379,531,354,"37800"
"Pendleton-Hermiston, OR Micro Area",87062,59909,593,726,21604,4230,"37820"
"Pensacola-Ferry Pass-Brent, FL Metro Area",448991,325627,75383,10705,20568,16708,"37860"
"Peoria, IL Metro Area",379186,319493,34329,7079,10516,7769,"37900"
"Peru, IN Micro Area",36903,33307,1649,128,906,913,"37940"
"Philadelphia-Camden-Wilmington, PA-NJ-DE-MD Metro Area (part); Philadelphia-Camden-Wilmington, PA-NJ-DE-MD Metro Area (part); Philadelphia-Camden-Wilmington, PA-NJ-DE-MD Metro Area (part); Philadelphia-Camden-Wilmington, PA-NJ-DE-MD Metro Area (part)",5965343,3875845,1204303,293656,468168,123371,"37980"
"Phoenix Lake-Cedar Ridge, CA Micro Area",55365,45325,1114,530,5918,2478,"38020"
"Phoenix-Mesa-Glendale, AZ Metro Area",4192887,2460541,193497,134415,1235718,168716,"38060"
"Picayune, MS Micro Area",55834,45911,6853,222,1636,1212,"38100"
"Pierre, SD Micro Area",19988,17127,93,93,327,2348,"38180"
"Pierre Part, LA Micro Area",23421,15442,7111,56,498,314,"38200"
"Pine Bluff, AR Metro Area",100258,48740,47749,625,1816,1328,"38220"
"Pittsburg, KS Micro Area",39134,34842,757,468,1762,1305,"38260"
"Pittsburgh, PA Metro Area",2356285,2051163,194423,41036,29969,39694,"38300"
"Pittsfield, MA Metro Area",131219,118926,3334,1602,4530,2827,"38340"
"Plainview, TX Micro Area",36273,13647,1803,133,20269,421,"38380"
"Platteville, WI Micro Area",51208,49296,573,300,649,390,"38420"
"Plattsburgh, NY Micro Area",82128,74832,2953,890,2054,1399,"38460"
"Plymouth, IN Micro Area",47051,42098,196,210,3971,576,"38500"
"Pocatello, ID Metro Area",90656,76730,609,1092,7915,4310,"38540"
"Point Pleasant, WV-OH Micro Area (part); Point Pleasant, WV-OH Micro Area (part)",58258,55768,971,228,394,897,"38580"
"Ponca City, OK Micro Area",46562,36113,910,233,2992,6314,"38620"
"Pontiac, IL Micro Area",38950,34903,1887,197,1532,431,"38700"
"Poplar Bluff, MO Micro Area",42794,38504,2235,283,666,1106,"38740"
"Portales, NM Micro Area",19846,11022,296,161,7913,454,"38780"
"Port Angeles, WA Micro Area",71404,60400,558,993,3627,5826,"38820"
"Portland-South Portland-Biddeford, ME Metro Area",514098,480553,7850,8051,7976,9668,"38860"
"Portland-Vancouver-Hillsboro, OR-WA Metro Area (part); Portland-Vancouver-Hillsboro, OR-WA Metro Area (part)",2226009,1698126,60589,125673,241844,99777,"38900"
"Port St. Lucie, FL Metro Area",424107,287564,58866,5736,63876,8065,"38940"
"Portsmouth, OH Micro Area",79499,74531,2107,248,888,1725,"39020"
"Pottsville, PA Micro Area",148289,138248,3841,703,4080,1417,"39060"
"Poughkeepsie-Newburgh-Middletown, NY Metro Area",670301,476071,61290,19015,98452,15473,"39100"
"Prescott, AZ Metro Area",211033,172968,1104,1703,28728,6530,"39140"
"Price, UT Micro Area",21403,18007,84,122,2659,531,"39220"
"Prineville, OR Micro Area",20978,18758,30,96,1463,631,"39260"
"Providence-New Bedford-Fall River, RI-MA Metro Area (part); Providence-New Bedford-Fall River, RI-MA Metro Area (part)",1600852,1273029,67296,40128,163675,56724,"39300"
"Provo-Orem, UT Metro Area",526810,444339,2442,6934,56172,16923,"39340"
"Pueblo, CO Metro Area",159063,86054,2646,1123,65811,3429,"39380"
"Pullman, WA Micro Area",44776,36760,721,3449,2040,1806,"39420"
"Punta Gorda, FL Metro Area",159978,137628,8622,1884,9213,2631,"39460"
"Quincy, IL-MO Micro Area (part); Quincy, IL-MO Micro Area (part)",77314,71960,2609,452,935,1358,"39500"
"Racine, WI Metro Area",195408,145414,21212,2081,22546,4155,"39540"
"Raleigh-Cary, NC Metro Area",1130490,716883,223870,49535,114512,25690,"39580"
"Rapid City, SD Metro Area",126382,105389,1320,1203,4817,13653,"39660"
"Raymondville, TX Micro Area",22134,2235,389,134,19297,79,"39700"
"Reading, PA Metro Area",411442,316406,16517,5244,67355,5920,"39740"
"Red Bluff, CA Micro Area",63463,45603,349,625,13906,2980,"39780"
"Redding, CA Metro Area",177223,146044,1438,4297,14878,10566,"39820"
"Red Wing, MN Micro Area",46183,43027,429,271,1342,1114,"39860"
"Reno-Sparks, NV Metro Area",425417,281745,9128,21354,93952,19238,"39900"
"Rexburg, ID Micro Area",50778,45491,202,375,3912,798,"39940"
"Richmond, IN Micro Area",68917,61322,3349,522,1804,1920,"39980"
"Richmond, VA Metro Area",1258251,754328,370775,38940,63289,30919,"40060"
"Richmond-Berea, KY Micro Area",99972,91708,3584,766,1916,1998,"40080"
"Rio Grande City-Roma, TX Micro Area",60968,2449,15,119,58337,48,"40100"
"Riverside-San Bernardino-Ontario, CA Metro Area",4224851,1546666,301523,249899,1996402,130361,"40140"
"Riverton, WY Micro Area",40123,28677,86,151,2264,8945,"40180"
"Roanoke, VA Metro Area",308707,248968,39101,4962,9713,5963,"40220"
"Roanoke Rapids, NC Micro Area",76790,30165,41833,395,1457,2940,"40260"
"Rochelle, IL Micro Area",53497,47425,468,241,4741,622,"40300"
"Rochester, MN Metro Area",186011,159840,6890,7954,7588,3739,"40340"
"Rochester, NY Metro Area",1054323,824425,116276,26552,64719,22351,"40380"
"Rockford, IL Metro Area",349431,254953,36334,7389,43144,7611,"40420"
"Rockingham, NC Micro Area",46639,27369,14159,419,2741,1951,"40460"
"Rockland, ME Micro Area",39736,38337,192,184,337,686,"40500"
"Rock Springs, WY Micro Area",43806,35432,415,324,6689,946,"40540"
"Rocky Mount, NC Metro Area",152392,73130,67767,826,8119,2550,"40580"
"Rolla, MO Micro Area",45156,40792,977,1313,923,1151,"40620"
"Rome, GA Metro Area",96317,70959,13494,1225,8987,1652,"40660"
"Roseburg, OR Micro Area",107667,96343,279,1008,5055,4982,"40700"
"Roswell, NM Micro Area",65645,28801,1079,373,34139,1253,"40740"
"Ruidoso, NM Micro Area",20497,13600,74,67,6110,646,"40760"
"Russellville, AR Micro Area",83939,70687,2036,875,8398,1943,"40780"
"Ruston, LA Micro Area",63009,36302,23689,814,1398,806,"40820"
"Rutland, VT Micro Area",61642,59369,315,370,681,907,"40860"
"Sacramento--Arden-Arcade--Roseville, CA Metro Area",2149127,1197389,150424,250690,433734,116890,"40900"
"Safford, AZ Micro Area",45657,23537,712,237,15360,5811,"40940"
"Saginaw-Saginaw Township North, MI Metro Area",200169,141187,37222,2067,15573,4120,"40980"
"St. Cloud, MN Metro Area",189093,172353,5333,3369,4822,3216,"41060"
"St. George, UT Metro Area",138115,118282,632,954,13486,4761,"41100"
"St. Joseph, MO-KS Metro Area (part); St. Joseph, MO-KS Metro Area (part)",127329,111905,6338,826,5348,2912,"41140"
"St. Louis, MO-IL Metro Area (part); St. Louis, MO-IL Metro Area (part)",2812896,2112954,513583,59680,72019,54660,"41180"
"St. Marys, GA Micro Area",50513,35977,9621,706,2590,1619,"41220"
"St. Marys, PA Micro Area",31946,31345,85,95,183,238,"41260"
"Salem, OR Metro Area",390738,277460,3300,7193,85682,17103,"41420"
"Salina, KS Micro Area",61697,51499,1792,1147,5524,1735,"41460"
"Salinas, CA Metro Area",415057,136435,11300,23777,230003,13542,"41500"
"Salisbury, MD Metro Area",125203,79563,34616,2643,5341,3040,"41540"
"Salisbury, NC Micro Area",138428,101986,22153,1353,10644,2292,"41580"
"Salt Lake City, UT Metro Area",1124197,842071,15104,34251,186866,45905,"41620"
"San Angelo, TX Metro Area",111823,64952,4008,1049,39722,2092,"41660"
"San Antonio-New Braunfels, TX Metro Area",2142508,773807,130070,42924,1158148,37559,"41700"
"San Diego-Carlsbad-San Marcos, CA Metro Area",3095313,1500047,146600,328058,991348,129260,"41740"
"Sandusky, OH Metro Area",77079,65463,6534,456,2604,2022,"41780"
"Sanford, NC Micro Area",57866,34321,11369,475,10576,1125,"41820"
"San Francisco-Oakland-Fremont, CA Metro Area",4335391,1840372,349895,994616,938794,211714,"41860"
"San Jose-Sunnyvale-Santa Clara, CA Metro Area",1836911,648063,42686,566764,510396,69002,"41940"
"San Luis Obispo-Paso Robles, CA Metro Area",269637,191696,5128,8106,55973,8734,"42020"
"Santa Barbara-Santa Maria-Goleta, CA Metro Area",423895,203122,7242,19591,181687,12253,"42060"
"Santa Cruz-Watsonville, CA Metro Area",262382,156397,2304,10658,84092,8931,"42100"
"Santa Fe, NM Metro Area",144170,63291,947,1569,73015,5348,"42140"
"Santa Rosa-Petaluma, CA Metro Area",483878,320027,6769,17777,120430,18875,"42220"
"Sault Ste. Marie, MI Micro Area",38520,27542,2503,228,480,7767,"42300"
"Savannah, GA Metro Area",347611,199249,116466,7127,17207,7562,"42340"
"Sayre, PA Micro Area",62622,60584,269,330,702,737,"42380"
"Scottsbluff, NE Micro Area",37660,28587,157,207,7811,898,"42420"
"Scottsboro, AL Micro Area",53227,47937,1771,165,1339,2015,"42460"
"Scottsburg, IN Micro Area",24181,23471,52,104,354,200,"42500"
"Scranton--Wilkes-Barre, PA Metro Area",563631,502578,14518,6774,32610,7151,"42540"
"Seaford, DE Micro Area",197145,149025,24544,1910,16954,4712,"42580"
"Searcy, AR Micro Area",77076,69026,3033,411,2879,1727,"42620"
"Seattle-Tacoma-Bellevue, WA Metro Area",3439809,2340274,185061,389309,309476,215689,"42660"
"Sebastian-Vero Beach, FL Metro Area",138028,106780,12074,1646,15465,2063,"42680"
"Sebring, FL Micro Area",98786,69804,8750,1402,17157,1673,"42700"
"Sedalia, MO Micro Area",42201,36701,1244,247,3046,963,"42740"
"Selinsgrove, PA Micro Area",39702,38127,375,211,657,332,"42780"
"Selma, AL Micro Area",43820,12676,30314,144,309,377,"42820"
"Seneca, SC Micro Area",74273,63807,5550,421,3349,1146,"42860"
"Seneca Falls, NY Micro Area",35251,31999,1513,238,952,549,"42900"
"Sevierville, TN Micro Area",89889,82374,640,769,4787,1319,"42940"
"Seymour, IN Micro Area",42376,38826,265,356,2410,519,"42980"
"Shawnee, OK Micro Area",69442,51642,1969,373,2878,12580,"43060"
"Sheboygan, WI Metro Area",115507,100520,1605,5279,6329,1774,"43100"
"Shelby, NC Micro Area",98078,72793,20237,735,2756,1557,"43140"
"Shelbyville, TN Micro Area",45058,35389,3437,339,5083,810,"43180"
"Shelton, WA Micro Area",60699,50349,609,692,4844,4205,"43220"
"Sheridan, WY Micro Area",29116,27119,94,192,1013,698,"43260"
"Sherman-Denison, TX Metro Area",120877,95103,6938,1034,13688,4114,"43300"
"Show Low, AZ Micro Area",107449,47181,842,542,11571,47313,"43320"
"Shreveport-Bossier City, LA Metro Area",398604,218052,154344,4563,13816,7829,"43340"
"Sidney, OH Micro Area",49423,46423,928,421,661,990,"43380"
"Sierra Vista-Douglas, AZ Micro Area",131346,76805,4936,2410,42543,4652,"43420"
"Sikeston, MO Micro Area",39191,33257,4436,133,705,660,"43460"
"Silver City, NM Micro Area",29514,14356,185,109,14252,612,"43500"
"Silverthorne, CO Micro Area",27994,23158,208,269,3989,370,"43540"
"Sioux City, IA-NE-SD Metro Area (part); Sioux City, IA-NE-SD Metro Area (part); Sioux City, IA-NE-SD Metro Area (part)",143577,109779,3128,3153,22339,5178,"43580"
"Sioux Falls, SD Metro Area",228261,202388,6669,2976,7746,8482,"43620"
"Snyder, TX Micro Area",16921,9773,764,48,6149,187,"43660"
"Somerset, KY Micro Area",63063,59943,705,289,1318,808,"43700"
"Somerset, PA Micro Area",77742,74265,1856,238,840,543,"43740"
"South Bend-Mishawaka, IN-MI Metro Area (part); South Bend-Mishawaka, IN-MI Metro Area (part)",319224,247405,36183,5319,20965,9352,"43780"
"Southern Pines-Pinehurst, NC Micro Area",88247,68487,11727,736,5261,2036,"43860"
"Spartanburg, SC Metro Area",284307,199184,58115,5680,16658,4670,"43900"
"Spearfish, SD Micro Area",24097,22349,87,157,612,892,"43940"
"Spencer, IA Micro Area",16667,15843,68,98,477,181,"43980"
"Spirit Lake, IA Micro Area",16667,16255,29,72,178,133,"44020"
"Spokane, WA Metro Area",471221,408629,7714,9799,21260,23819,"44060"
"Springfield, IL Metro Area",210170,175307,23220,3227,3601,4815,"44100"
"Springfield, MA Metro Area",692942,516073,39942,16947,106481,13499,"44140"
"Springfield, MO Metro Area",436712,399431,8746,5088,11592,11855,"44180"
"Springfield, OH Metro Area",138333,117976,11999,849,3805,3704,"44220"
"Starkville, MS Micro Area",47671,27825,17356,1151,683,656,"44260"
"State College, PA Metro Area",153990,135427,4456,7934,3690,2483,"44300"
"Statesboro, GA Micro Area",70217,46251,19252,1013,2439,1262,"44340"
"Statesville-Mooresville, NC Micro Area",159437,124107,18748,2899,10844,2839,"44380"
"Staunton-Waynesboro, VA Micro Area",118502,104299,7916,701,3375,2211,"44420"
"Stephenville, TX Micro Area",37890,29382,431,240,7279,558,"44500"
"Sterling, CO Micro Area",22709,17754,881,117,3551,406,"44540"
"Sterling, IL Micro Area",58498,50263,705,269,6455,806,"44580"
"Steubenville-Weirton, OH-WV Metro Area (part); Steubenville-Weirton, OH-WV Metro Area (part)",124454,115903,4837,459,1250,2005,"44600"
"Stevens Point, WI Micro Area",70019,64897,362,1955,1853,952,"44620"
"Stillwater, OK Micro Area",77350,61655,2757,2679,2990,7269,"44660"
"Stockton, CA Metro Area",685306,245919,48540,94547,266341,29959,"44700"
"Storm Lake, IA Micro Area",20260,13756,497,1119,4608,280,"44740"
"Sturgis, MI Micro Area",61295,53930,1555,416,4034,1360,"44780"
"Sulphur Springs, TX Micro Area",35161,26501,2448,172,5368,672,"44860"
"Summerville, GA Micro Area",26015,21589,2886,108,1043,389,"44900"
"Sumter, SC Metro Area",107456,50423,50110,1167,3532,2224,"44940"
"Sunbury, PA Micro Area",94528,89166,1814,325,2253,970,"44980"
"Susanville, CA Micro Area",34895,23270,2790,337,6117,2381,"45000"
"Sweetwater, TX Micro Area",15216,9191,666,58,5103,198,"45020"
"Syracuse, NY Metro Area",662577,555047,50818,15655,22697,18360,"45060"
"Tahlequah, OK Micro Area",46987,23591,582,250,2952,19612,"45140"
"Talladega-Sylacauga, AL Micro Area",82291,53079,25953,329,1671,1259,"45180"
"Tallahassee, FL Metro Area",367413,211958,117966,8386,21342,7761,"45220"
"Tallulah, LA Micro Area",12093,4396,7357,26,188,126,"45260"
"Tampa-St. Petersburg-Clearwater, FL Metro Area",2783243,1879437,310357,79501,452208,61740,"45300"
"Taos, NM Micro Area",32937,11958,104,201,18381,2293,"45340"
"Taylorville, IL Micro Area",34800,33331,492,165,471,341,"45380"
"Terre Haute, IN Metro Area",172425,155488,8423,1907,3200,3407,"45460"
"Texarkana, TX-Texarkana, AR Metro Area (part); Texarkana, TX-Texarkana, AR Metro Area (part)",136027,92034,32819,917,7100,3157,"45500"
"The Dalles, OR Micro Area",25213,19556,85,191,3743,1638,"45520"
"The Villages, FL Micro Area",93420,77338,8736,609,5582,1155,"45540"
"Thomaston, GA Micro Area",27153,18522,7544,124,588,375,"45580"
"Thomasville, GA Micro Area",44720,26081,16416,306,1275,642,"45620"
"Thomasville-Lexington, NC Micro Area",162878,133486,14269,1957,10408,2758,"45640"
"Tiffin, OH Micro Area",56745,51739,1227,321,2524,934,"45660"
"Tifton, GA Micro Area",40118,23555,11549,507,4037,470,"45700"
"Toccoa, GA Micro Area",26175,22006,2821,175,633,540,"45740"
"Toledo, OH Metro Area",651429,503966,85887,8890,37733,14953,"45780"
"Topeka, KS Metro Area",233870,186502,14839,2179,20615,9735,"45820"
"Torrington, CT Micro Area",189927,173403,2206,2877,8535,2906,"45860"
"Traverse City, MI Micro Area",143372,134101,1200,765,3184,4122,"45900"
"Trenton-Ewing, NJ Metro Area",366513,199909,71378,32545,55318,7363,"45940"
"Troy, AL Micro Area",32899,18887,11990,645,730,647,"45980"
"Truckee-Grass Valley, CA Micro Area",98764,85477,341,1124,8439,3383,"46020"
"Tucson, AZ Metro Area",980263,541700,31075,24592,338802,44094,"46060"
"Tullahoma, TN Micro Area",100210,90415,4051,772,3106,1866,"46100"
"Tulsa, OK Metro Area",937478,635628,77683,16317,78446,129404,"46140"
"Tupelo, MS Micro Area",136268,101875,27980,621,4140,1652,"46180"
"Tuscaloosa, AL Metro Area",219461,134386,74015,2343,6158,2559,"46220"
"Tuskegee, AL Micro Area",21452,3267,17631,76,232,246,"46260"
"Twin Falls, ID Micro Area",99604,78799,346,957,17499,2003,"46300"
"Tyler, TX Metro Area",209714,130246,37195,2550,36088,3635,"46340"
"Ukiah, CA Micro Area",87841,60249,544,1402,19505,6141,"46380"
"Union, SC Micro Area",28961,19146,9022,79,282,432,"46420"
"Union City, TN-KY Micro Area (part); Union City, TN-KY Micro Area (part)",38620,31961,4960,120,1052,527,"46460"
"Urbana, OH Micro Area",40097,37743,874,151,451,878,"46500"
"Utica-Rome, NY Metro Area",299397,260944,14322,6847,11859,5425,"46540"
"Uvalde, TX Micro Area",26405,7666,110,116,18299,214,"46620"
"Valdosta, GA Metro Area",139588,80113,47040,1725,7735,2975,"46660"
"Vallejo-Fairfield, CA Metro Area",413344,168628,58743,59027,99356,27590,"46700"
"Valley, AL Micro Area",34215,19893,13206,166,536,414,"46740"
"Van Wert, OH Micro Area",28744,27351,237,65,740,351,"46780"
"Vermillion, SD Micro Area",13864,12484,179,230,277,694,"46820"
"Vernal, UT Micro Area",32588,26999,96,159,2330,3004,"46860"
"Vernon, TX Micro Area",13535,8585,1049,97,3508,296,"46900"
"Vicksburg, MS Micro Area",48773,24143,22836,412,896,486,"46980"
"Victoria, TX Metro Area",115384,55695,6019,1814,50497,1359,"47020"
"Vidalia, GA Micro Area",36346,23031,9088,225,3535,467,"47080"
"Vincennes, IN Micro Area",38440,36154,994,214,590,488,"47180"
"Vineland-Millville-Bridgeton, NJ Metro Area",156898,78931,29376,1854,42457,4280,"47220"
"Virginia Beach-Norfolk-Newport News, VA-NC Metro Area (part); Virginia Beach-Norfolk-Newport News, VA-NC Metro Area (part)",1671683,955896,512044,57057,89567,57119,"47260"
"Visalia-Porterville, CA Metro Area",442179,143935,5497,14204,268065,10478,"47300"
"Wabash, IN Micro Area",32888,31369,155,134,697,533,"47340"
"Waco, TX Metro Area",234906,138295,33892,3128,55471,4120,"47380"
"Wahpeton, ND-MN Micro Area (part); Wahpeton, ND-MN Micro Area (part)",22897,21645,123,106,401,622,"47420"
"Walla Walla, WA Micro Area",58781,43604,1004,733,11593,1847,"47460"
"Walterboro, SC Micro Area",38892,21736,15109,125,1094,828,"47500"
"Wapakoneta, OH Micro Area",45949,44625,124,165,543,492,"47540"
"Warner Robins, GA Metro Area",139900,84703,39535,3360,8515,3787,"47580"
"Warren, PA Micro Area",41815,40827,136,156,305,391,"47620"
"Warrensburg, MO Micro Area",52595,46367,2227,781,1611,1609,"47660"
"Warsaw, IN Micro Area",77358,69531,542,642,5634,1009,"47700"
"Washington, IN Micro Area",31648,29696,165,161,1314,312,"47780"
"Washington, NC Micro Area",47759,31705,12105,158,3166,625,"47820"
"Washington-Arlington-Alexandria, DC-VA-MD-WV Metro Area (part); Washington-Arlington-Alexandria, DC-VA-MD-WV Metro Area (part); Washington-Arlington-Alexandria, DC-VA-MD-WV Metro Area (part); Washington-Arlington-Alexandria, DC-VA-MD-WV Metro Area (part)",5582170,2711258,1409473,513919,770795,176725,"47900"
"Washington Court House, OH Micro Area",29030,27227,569,151,520,563,"47920"
"Waterloo-Cedar Falls, IA Metro Area",167819,145617,11705,1885,5268,3344,"47940"
"Watertown, SD Micro Area",33130,31441,98,134,582,875,"47980"
"Watertown-Fort Atkinson, WI Micro Area",83686,75903,628,551,5555,1049,"48020"
"Watertown-Fort Drum, NY Micro Area",116229,99682,5475,1464,6143,3465,"48060"
"Wauchula, FL Micro Area",27731,13315,1877,294,11895,350,"48100"
"Wausau, WI Metro Area",134063,121007,820,7107,2992,2137,"48140"
"Waycross, GA Micro Area",55070,39443,12308,336,2094,889,"48180"
"Weatherford, OK Micro Area",27469,20169,794,276,3830,2400,"48220"
"Wenatchee-East Wenatchee, WA Metro Area",110884,77272,262,839,29726,2785,"48300"
"West Plains, MO Micro Area",40400,38499,154,195,697,855,"48460"
"West Point, MS Micro Area",20634,8276,11977,45,199,137,"48500"
"Wheeling, WV-OH Metro Area (part); Wheeling, WV-OH Metro Area (part)",147950,139308,4604,739,1056,2243,"48540"
"Whitewater, WI Micro Area",102228,88690,904,819,10578,1237,"48580"
"Wichita, KS Metro Area",623061,459730,46726,20922,72082,23601,"48620"
"Wichita Falls, TX Metro Area",151306,108124,13409,2632,23001,4140,"48660"
"Williamsport, PA Metro Area",116111,106710,5060,663,1559,2119,"48700"
"Willimantic, CT Micro Area",118428,101138,1995,1360,11351,2584,"48740"
"Williston, ND Micro Area",22398,20364,57,78,436,1463,"48780"
"Willmar, MN Micro Area",42239,35964,952,167,4710,446,"48820"
"Wilmington, NC Metro Area",362315,281017,50797,3137,19459,7905,"48900"
"Wilmington, OH Micro Area",42040,39496,905,211,559,869,"48940"
"Wilson, NC Micro Area",81234,40157,31462,664,7724,1227,"48980"
"Winchester, VA-WV Metro Area (part); Winchester, VA-WV Metro Area (part)",128472,108821,6075,1608,9451,2517,"49020"
"Winfield, KS Micro Area",36311,29832,971,578,3292,1638,"49060"
"Winona, MN Micro Area",51461,47828,642,1097,1244,650,"49100"
"Winston-Salem, NC Metro Area",477717,317660,95147,6851,49274,8785,"49180"
"Woodward, OK Micro Area",20081,16632,308,115,2128,898,"49260"
"Wooster, OH Micro Area",114520,108450,1689,864,1800,1717,"49300"
"Worcester, MA Metro Area",798552,644299,29084,31597,75422,18150,"49340"
"Worthington, MN Micro Area",21378,14365,727,1144,4820,322,"49380"
"Yakima, WA Metro Area",243231,116024,1743,2359,109470,13635,"49420"
"Yankton, SD Micro Area",22438,20563,327,115,614,819,"49460"
"Yazoo City, MS Micro Area",28065,10477,15893,124,1301,270,"49540"
"York-Hanover, PA Metro Area",434972,374779,22493,5336,24397,7967,"49620"
"Youngstown-Warren-Boardman, OH-PA Metro Area (part); Youngstown-Warren-Boardman, OH-PA Metro Area (part)",565773,476794,60220,3352,15185,10222,"49660"
"Yuba City, CA Metro Area",166892,90198,3835,18152,45302,9405,"49700"
"Yuma, AZ Metro Area",195751,69022,3169,2041,116912,4607,"49740"
"Zanesville, OH Micro Area",86074,79600,3214,285,650,2325,"49780"
